studyID	n_cells	n_genes	n_clusters	out_dir	expr_input_bytes	act_input_bytes	net_input_bytes	total_input_bytes	bundle_bytes	shard_bytes	graph_bytes	total_output_bytes	prepare_seconds	prepare_peak_mb	load_seconds	fetch_median	fetch_mean	fetch_max	n_fetched	net_tf_edges	net_sig_edges	status	note
2203	53958	33645	8	/research_jude/rgs01_jude/groups/yu3grp/projects/software_JY/yu3grp/yulab_apps/scMINER/scMINER_Portal/scMINERViewerMetrics/2203	191080783	2195994972	431328207	2818403962	604880935	3593818028	403420395	4602119358	60006.3712918758	36242.2	6.99003863334656	0.411641836166382	0.421656999588013	0.501709938049316	25	2144370	3778244	ok	NA
2306	124	20286	8	/research_jude/rgs01_jude/groups/yu3grp/projects/software_JY/yu3grp/yulab_apps/scMINER/scMINER_Portal/scMINERViewerMetrics/2306	7315788	0	0	7315788	1158187	14218456	2855882	18232525	1051.73876047134	368.8	0.248527765274048	0.0431363582611084	0.0469974994659424	0.0758304595947266	25	0	0	ok	NA
2307	124	23571	5	/research_jude/rgs01_jude/groups/yu3grp/projects/software_JY/yu3grp/yulab_apps/scMINER/scMINER_Portal/scMINERViewerMetrics/2307	7667449	0	0	7667449	1374097	14447033	3425284	19246414	1176.46990680695	351.5	0.248944759368896	0.043367862701416	0.0474760341644287	0.0870838165283203	25	0	0	ok	NA
2308	182	8989	3	/research_jude/rgs01_jude/groups/yu3grp/projects/software_JY/yu3grp/yulab_apps/scMINER/scMINER_Portal/scMINERViewerMetrics/2308	3156198	0	0	3156198	567235	3629297	1318679	5515211	420.635418653488	349.9	0.218204021453857	0.0394017696380615	0.0424176692962646	0.0656523704528809	25	0	0	ok	NA
2309	249	6982	11	/research_jude/rgs01_jude/groups/yu3grp/projects/software_JY/yu3grp/yulab_apps/scMINER/scMINER_Portal/scMINERViewerMetrics/2309	3616412	0	0	3616412	444535	8605130	994790	10044455	330.339195013046	352	0.211945533752441	0.0386004447937012	0.0434156799316406	0.122748851776123	25	0	0	ok	NA
2310	317	10897	4	/research_jude/rgs01_jude/groups/yu3grp/projects/software_JY/yu3grp/yulab_apps/scMINER/scMINER_Portal/scMINERViewerMetrics/2310	1271135	0	0	1271135	775226	1829712	1712578	4317516	507.232214689255	354.6	0.216434240341187	0.0418367385864258	0.0445458507537842	0.0706336498260498	25	0	0	ok	NA
2311	622	16383	4	/research_jude/rgs01_jude/groups/yu3grp/projects/software_JY/yu3grp/yulab_apps/scMINER/scMINER_Portal/scMINERViewerMetrics/2311	7173134	0	0	7173134	1018868	19165018	2432220	22616106	811.954948425293	486.1	0.240808963775635	0.0430541038513184	0.0442671585083008	0.0649173259735107	25	0	0	ok	NA
2312	704	13698	3	/research_jude/rgs01_jude/groups/yu3grp/projects/software_JY/yu3grp/yulab_apps/scMINER/scMINER_Portal/scMINERViewerMetrics/2312	32092208	0	0	32092208	881130	53356586	2025362	56263078	914.938358068466	427.2	0.241025447845459	0.0508136749267578	0.0530665111541748	0.118978500366211	25	0	0	ok	NA
2313	2717	24175	4	/research_jude/rgs01_jude/groups/yu3grp/projects/software_JY/yu3grp/yulab_apps/scMINER/scMINER_Portal/scMINERViewerMetrics/2313	28673830	0	0	28673830	1657718	202665251	3716190	208039159	2700.95121359825	1244	0.26119589805603	0.0887391567230225	0.13038763999939	0.42076301574707	25	0	0	ok	NA
2314	2903	14890	7	/research_jude/rgs01_jude/groups/yu3grp/projects/software_JY/yu3grp/yulab_apps/scMINER/scMINER_Portal/scMINERViewerMetrics/2314	18413866	0	0	18413866	1195085	93051080	2450517	96696682	1081.88711881638	931.8	0.224661111831665	0.0540463924407959	0.0561297988891602	0.0819075107574463	25	0	0	ok	NA
2315	76317	31642	20	/research_jude/rgs01_jude/groups/yu3grp/projects/software_JY/yu3grp/yulab_apps/scMINER/scMINER_Portal/scMINERViewerMetrics/2315	857901623	0	0	857901623	12768778	3509336876	19678024	3541783678	37963.1710886955	23512.4	0.333999872207642	0.641297101974487	0.648582410812378	0.820255994796753	25	0	0	ok	NA
2316	97499	22572	28	/research_jude/rgs01_jude/groups/yu3grp/projects/software_JY/yu3grp/yulab_apps/scMINER/scMINER_Portal/scMINERViewerMetrics/2316	438741808	0	0	438741808	14378200	1405686140	19561645	1439625985	7702.78725218773	17214.8	0.442984342575073	0.82418417930603	0.823569660186768	1.10581731796265	25	0	0	ok	NA
2318	14675	11147	7	/research_jude/rgs01_jude/groups/yu3grp/projects/software_JY/yu3grp/yulab_apps/scMINER/scMINER_Portal/scMINERViewerMetrics/2318	46899885	512908874	345921204	905729963	505533393	975632838	316825646	1797991877	5929.95930957794	6696	6.05471205711365	0.139554738998413	0.146399230957031	0.220737218856812	25	1938848	2884379	ok	NA
2319	10965	11778	12	/research_jude/rgs01_jude/groups/yu3grp/projects/software_JY/yu3grp/yulab_apps/scMINER/scMINER_Portal/scMINERViewerMetrics/2319	27933905	363722085	564208388	955864378	823744967	785237478	511760116	2120742561	5756.27524018288	6465.9	15.3438549041748	0.131449937820435	0.149133043289185	0.274873018264771	25	3286884	4685586	ok	NA
2320	2870	13926	3	/research_jude/rgs01_jude/groups/yu3grp/projects/software_JY/yu3grp/yulab_apps/scMINER/scMINER_Portal/scMINERViewerMetrics/2320	10546085	0	0	10546085	1170905	40805820	2455304	44432029	880.067297458649	836.4	0.231465816497803	0.0593485832214355	0.0632456111907959	0.115852117538452	25	0	0	ok	NA
2321	21922	14866	5	/research_jude/rgs01_jude/groups/yu3grp/projects/software_JY/yu3grp/yulab_apps/scMINER/scMINER_Portal/scMINERViewerMetrics/2321	119930736	0	0	119930736	3381537	532957689	5218568	541557794	3594.14603161812	3549.8	0.256053447723389	0.196044206619263	0.21850757598877	0.44452691078186	25	0	0	ok	NA
2324	18644	9619	10	/research_jude/rgs01_jude/groups/yu3grp/projects/software_JY/yu3grp/yulab_apps/scMINER/scMINER_Portal/scMINERViewerMetrics/2324	32308710	0	0	32308710	2483911	88368107	3182419	94034437	873.039993286133	1754.4	0.326356887817383	0.159138202667236	0.159319667816162	0.182051181793213	25	0	0	ok	NA
2325	13605	8846	7	/research_jude/rgs01_jude/groups/yu3grp/projects/software_JY/yu3grp/yulab_apps/scMINER/scMINER_Portal/scMINERViewerMetrics/2325	22184725	377176333	239812180	639173238	330146563	632074955	218171908	1180393426	4089.68332529068	4878.1	4.30733442306519	0.111814498901367	0.119521207809448	0.183372497558594	25	666244	2696465	ok	NA
2326	4373	14712	4	/research_jude/rgs01_jude/groups/yu3grp/projects/software_JY/yu3grp/yulab_apps/scMINER/scMINER_Portal/scMINERViewerMetrics/2326	19830801	147174764	212369585	379375150	309383772	320956579	193872448	824212799	5541.76747918129	3078.8	5.15696573257446	0.0684385299682617	0.0706142902374268	0.0984542369842529	25	1549003	1531394	ok	NA
2327	8464	9861	3	/research_jude/rgs01_jude/groups/yu3grp/projects/software_JY/yu3grp/yulab_apps/scMINER/scMINER_Portal/scMINERViewerMetrics/2327	22866147	247191403	59987406	330044956	80878312	479872058	58736216	619486586	4389.69075798988	3241.2	1.43822383880615	0.0988736152648926	0.105698080062866	0.239058971405029	25	429516	314348	ok	NA
2331	15400	21481	7	/research_jude/rgs01_jude/groups/yu3grp/projects/software_JY/yu3grp/yulab_apps/scMINER/scMINER_Portal/scMINERViewerMetrics/2331	55078141	125489272	48041793	228609206	76984681	177727432	54013709	308725822	15488.2696123123	9059.8	1.35904765129089	0.143115282058716	0.148299465179443	0.211834907531738	25	263440	424897	ok	NA
2332	10537	26040	13	/research_jude/rgs01_jude/groups/yu3grp/projects/software_JY/yu3grp/yulab_apps/scMINER/scMINER_Portal/scMINERViewerMetrics/2332	47986835	152380870	0	200367705	4255342	175627678	10990234	190873254	30760.7742657661	7326.8	0.415336847305298	0.133797168731689	8.44255444526672	207.916729211807	25	0	0	ok	NA
2333	138268	18274	15	/research_jude/rgs01_jude/groups/yu3grp/projects/software_JY/yu3grp/yulab_apps/scMINER/scMINER_Portal/scMINERViewerMetrics/2333	19228319797	6302228511	69380809	25599929117	110905244	3302120010	81335789	3494361043	8795.04457235336	49283.6	1.56492710113525	1.24920964241028	1.28029661178589	1.63415694236755	25	384817	528311	ok	NA
2338	96305	15778	29	/research_jude/rgs01_jude/groups/yu3grp/projects/software_JY/yu3grp/yulab_apps/scMINER/scMINER_Portal/scMINERViewerMetrics/2338	409570710	3979338155	1006397830	5395306695	1429475743	7788510931	923645489	10141632163	58262.6635901928	49073.5	12.2660138607025	0.538567781448364	0.554935617446899	0.899924278259277	25	6557601	6973009	ok	NA
2339	50435	15718	10	/research_jude/rgs01_jude/groups/yu3grp/projects/software_JY/yu3grp/yulab_apps/scMINER/scMINER_Portal/scMINERViewerMetrics/2339	217655161	2053488903	583705991	2854850055	851468920	4109311323	533955061	5494735304	30763.5842618942	26268.4	7.40612435340881	0.294646739959717	0.294877290725708	0.359499454498291	25	4173419	4068560	ok	NA
2341	104905	12982	12	/research_jude/rgs01_jude/groups/yu3grp/projects/software_JY/yu3grp/yulab_apps/scMINER/scMINER_Portal/scMINERViewerMetrics/2341	255943301	4065647773	529968439	4851559513	779252809	6899320732	495578724	8174152265	59672.0794177055	46353.5	8.06717467308044	0.714956521987915	0.726984443664551	1.14944839477539	25	2900665	4723739	ok	NA
2342	56751	13772	13	/research_jude/rgs01_jude/groups/yu3grp/projects/software_JY/yu3grp/yulab_apps/scMINER/scMINER_Portal/scMINERViewerMetrics/2342	222908100	1991682733	564143733	2778734566	813203666	4464996964	519316215	5797516845	34587.2066476345	28853	10.2633340358734	0.377339839935303	0.41365912437439	1.17158126831055	25	3904489	4005173	ok	NA
