studyID	n_cells_full	n_cells_expr_only	n_genes_full	n_genes_expr_only	n_clusters_full	n_clusters_expr_only	net_tf_edges_full	net_sig_edges_full	status_full	status_expr_only	note_full	note_expr_only	prepare_seconds_full	prepare_seconds_expr_only	delta_prepare_seconds	prepare_peak_mb_full	prepare_peak_mb_expr_only	delta_prepare_peak_mb	load_seconds_full	load_seconds_expr_only	delta_load_seconds	load_seconds_warm_full	load_seconds_warm_expr_only	delta_load_seconds_warm	bundle_bytes_full	bundle_bytes_expr_only	delta_bundle_bytes	total_output_bytes_full	total_output_bytes_expr_only	delta_total_output_bytes
2202	647366	647366	24929	24929	34	34	0	0	"ok"	"ok"	NA	NA	102247.668275595	119832.02488327	-17584.356607675	12230.1	12230.1	0	1.52688145637512	1.87600469589233	-0.34912323951721	1.43428134918213	1.85775089263916	-0.42346954345703	87401778	87401778	0	8543813343	8543813343	0
2203	53958	53958	33645	33645	8	8	2144370	3778244	"ok"	"ok"	NA	NA	56662.7470092773	6046.67838954926	50616.068619728	52257.1	28066.6	24190.5	14.2261266708374	0.415830850601196	13.8102958202362	14.2091767787933	0.451780319213867	13.7573964595794	604880693	9346391	595534302	4602119116	498869441	4103249675
2306	124	124	20286	20286	8	8	0	0	"ok"	"ok"	NA	NA	797.97509264946	753.326885700226	44.648206949234	366.5	366.6	-0.100000000000023	0.256268501281738	0.239830493927002	0.016438007354736	0.25544810295105	0.237845659255981	0.017602443695069	1158187	1158187	0	18232525	18232525	0
2307	124	124	23571	23571	5	5	0	0	"ok"	"ok"	NA	NA	1036.03691339493	1047.67832064629	-11.6414072513601	351.7	351.8	-0.100000000000023	0.250271081924438	0.262746810913086	-0.012475728988648	0.248131036758423	0.26288628578186	-0.014755249023437	1374097	1374097	0	19246414	19246414	0
2308	182	182	8989	8989	3	3	0	0	"ok"	"ok"	NA	NA	384.040607690811	387.903306722641	-3.86269903183	350	350	0	0.253639698028564	0.278309345245361	-0.024669647216797	0.267072200775146	0.276227712631226	-0.00915551185607999	567235	567235	0	5515211	5515211	0
2309	249	249	6982	6982	11	11	0	0	"ok"	"ok"	NA	NA	309.78123664856	280.769965171814	29.011271476746	351	351	0	0.256722450256348	0.225258111953735	0.031464338302613	0.250836849212646	0.236369609832764	0.014467239379882	444535	444535	0	10044455	10044455	0
2310	317	317	10897	10897	4	4	0	0	"ok"	"ok"	NA	NA	425.999218463898	434.673200368881	-8.67398190498301	389.5	389.5	0	0.250598192214966	0.232520580291748	0.018077611923218	0.249188423156738	0.234744071960449	0.014444351196289	775226	775226	0	4317516	4317516	0
2311	622	622	16383	16383	4	4	0	0	"ok"	"ok"	NA	NA	689.563121795654	641.787273406982	47.775848388672	577.5	577.5	0	0.262911319732666	0.242226362228394	0.020684957504272	0.257367372512817	0.241358518600464	0.016008853912353	1018868	1018868	0	22616106	22616106	0
2312	704	704	13698	13698	3	3	0	0	"ok"	"ok"	NA	NA	777.883076190948	797.710367202759	-19.827291011811	427.4	427.6	-0.200000000000045	0.714241981506348	0.266829490661621	0.447412490844727	0.251042604446411	0.248218774795532	0.00282382965087902	881130	881130	0	56263078	56263078	0
2313	2717	2717	24175	24175	4	4	0	0	"ok"	"ok"	NA	NA	1084.01363277435	1045.34890198708	38.6647307872702	1487.9	1488.2	-0.299999999999955	0.276907682418823	0.263806104660034	0.013101577758789	0.272174835205078	0.261032581329346	0.011142253875732	1657718	1657718	0	208039159	208039159	0
2314	2903	2903	14890	14890	7	7	0	0	"ok"	"ok"	NA	NA	575.804290056229	698.392835140228	-122.588545083999	1144.6	1145	-0.400000000000091	0.201632738113403	0.308609008789062	-0.106976270675659	0.200519800186157	0.311290740966797	-0.11077094078064	1195129	1195129	0	96696726	96696726	0
2315	76317	76317	31642	31642	20	20	0	0	"ok"	"ok"	NA	NA	6058.0844347477	9439.10638999939	-3381.02195525169	37238.2	37238.2	0	0.335810422897339	0.61369776725769	-0.277887344360351	0.334372520446777	0.581074714660645	-0.246702194213868	12767630	12767622	8	3541782530	3541782522	8
2316	97499	97499	22572	22572	28	28	0	0	"ok"	"ok"	NA	NA	5014.69394659996	7770.89713859558	-2756.20319199562	17215	17215	0	0.362999677658081	0.620234966278076	-0.257235288619995	0.361478090286255	0.67048192024231	-0.309003829956055	14377807	14377807	0	1439625592	1439625592	0
2318	14675	14675	11147	11147	7	7	1938848	2884379	"ok"	"ok"	NA	NA	6878.98727583885	940.857499361038	5938.12977647781	9721.4	2890.2	6831.2	11.1335070133209	0.347266674041748	10.7862403392792	11.4611446857452	0.35303807258606	11.1081066131591	505533637	2519631	503014006	1797992121	201894246	1596097875
2319	10965	10965	11778	11778	12	12	3286884	4685586	"ok"	"ok"	NA	NA	7104.38531398773	786.883467674255	6317.50184631347	8698.6	2383.5	6315.1	19.6179614067078	0.306796312332153	19.3111650943756	19.7208197116852	0.308449506759644	19.4123702049256	823744967	2139349	821605618	2120742561	128211088	1992531473
2320	2870	2870	13926	13926	3	3	0	0	"ok"	"ok"	NA	NA	691.923185348511	539.198051214218	152.725134134293	1095	1094.9	0.0999999999999091	0.354718208312988	0.203988552093506	0.150729656219482	0.347464084625244	0.20275354385376	0.144710540771484	1170905	1170905	0	44432029	44432029	0
2321	21922	21922	14866	14866	5	5	0	0	"ok"	"ok"	NA	NA	1459.57788276672	1139.37240672112	320.2054760456	5341.1	5340.6	0.5	0.382946491241455	0.237269401550293	0.145677089691162	0.382575035095215	0.233047723770142	0.149527311325073	3381540	3381540	0	541557797	541557797	0
2322	NA	144810	NA	36601	NA	17	NA	NA	NA	"ok"	NA	NA	NA	30811.8793017864	NA	NA	2921.8	NA	NA	0.449989795684814	NA	NA	0.448609828948975	NA	NA	17876633	NA	NA	1920956340	NA
2324	18644	18644	9619	9619	10	10	0	0	"ok"	"ok"	NA	NA	801.306570768356	623.437678813934	177.868891954422	1754.9	1754.8	0.100000000000136	0.311247110366821	0.224317789077759	0.086929321289062	0.312013626098633	0.223113059997559	0.088900566101074	2484693	2483956	737	94035219	94034482	737
2325	13605	13605	8846	8846	7	7	666244	2696465	"ok"	"ok"	NA	NA	3670.81955528259	657.558571100235	3013.26098418236	6207	1321	4886	8.58226943016052	0.281748294830322	8.3005211353302	9.09032320976257	0.279394865036011	8.81092834472656	330147412	1912247	328235165	1180394275	65342393	1115051882
2326	4373	4373	14712	14712	4	4	1549003	1531394	"ok"	"ok"	NA	NA	3226.26851153374	693.237889766693	2533.03062176705	3784.5	1448.6	2335.9	8.02070355415344	0.271088123321533	7.74961543083191	7.4675977230072	0.272624492645264	7.19497323036194	309383772	1332324	308051448	824212799	90529669	733683130
2327	8464	8464	9861	9861	3	3	429516	314348	"ok"	"ok"	NA	NA	3015.3734869957	661.194250822067	2354.17923617363	4152.9	1070.2	3082.7	2.19504523277283	0.274547815322876	1.92049741744995	2.17219090461731	0.267610788345337	1.90458011627197	80878357	1649242	79229115	619486631	91164776	528321855
2331	15400	15400	21481	21481	7	7	263440	424897	"ok"	"ok"	NA	NA	10501.1257312298	1680.65623497963	8820.46949625017	11308.7	5440.7	5868	2.00415635108948	0.291800498962402	1.71235585212708	1.97407245635986	0.290549993515015	1.68352246284485	76984705	3044116	73940589	308725846	70371356	238354490
2332	10537	10537	26040	26040	13	13	263440	424897	"ok"	"ok"	NA	NA	11592.5632884502	1630.26721334457	9962.29607510563	9759.7	4600.5	5159.2	2.09858584403992	0.30414605140686	1.79443979263306	2.06828427314758	0.293896436691284	1.7743878364563	76983337	2731917	74251420	306204826	62102384	244102442
2333	138268	138268	18274	18274	15	15	384817	528311	"ok"	"ok"	NA	NA	9374.85592484474	8475.83884429932	899.01708054542	49279.2	39010.2	10269	2.77099657058716	0.598565101623535	2.17243146896362	2.75806522369385	0.601316690444946	2.1567485332489	110905241	18642577	92262664	3494361040	3346537474	147823566
2338	96305	96305	15778	15778	29	29	6557601	6973009	"ok"	"ok"	NA	NA	70728.8901124001	9726.86101841927	61002.0290939808	49097.2	2311.9	46785.3	34.2538280487061	0.379194736480713	33.8746333122254	34.3360021114349	0.378206491470337	33.9577956199646	1429475701	13088049	1416387652	10141632121	1532684305	8608947816
2339	50435	50435	15718	15718	10	10	4173419	4068560	"ok"	"ok"	NA	NA	31662.5581831932	6055.75426220894	25606.8039209843	26273.6	1313.2	24960.4	19.3562009334564	0.352458715438843	19.0037422180176	19.3233423233032	0.356256246566772	18.9670860767364	851470011	7156180	844313831	5494736395	782623004	4712113391
2341	104905	104905	12982	12982	12	12	2900665	4723739	"ok"	"ok"	NA	NA	43116.5706017017	8083.56529784203	35033.0053038597	47192.3	1576.5	45615.8	12.7476646900177	0.498168230056763	12.2494964599609	12.7147238254547	0.496838569641113	12.2178852558136	779252708	13718450	765534258	8174152164	921524831	7252627333
2342	56751	56751	13772	13772	13	13	3904489	4005173	"ok"	"ok"	NA	NA	32066.5501289368	5764.59230256081	26301.957826376	28877.9	1371.6	27506.3	20.2251889705658	0.418821811676025	19.8063671588898	20.0062766075134	0.397286415100098	19.6089901924133	813203666	7562778	805640888	5797516845	828877786	4968639059
